method,seed,budget_k,n_features_used,val_f1,test_f1,test_accuracy,test_balanced_accuracy,overlap
all_features,,500,500,0.7442,0.7308,0.7308,0.7308,20
kbest_mutual_info,,1,1,0.5691,0.5595,0.5596,0.5596,1
kbest_mutual_info,,2,2,0.6054,0.5788,0.5788,0.5788,2
kbest_mutual_info,,3,3,0.6346,0.6942,0.6942,0.6942,3
kbest_mutual_info,,5,5,0.6498,0.6403,0.6404,0.6404,4
kbest_mutual_info,,8,8,0.6614,0.6653,0.6654,0.6654,4
kbest_mutual_info,,10,8,0.6614,0.6653,0.6654,0.6654,4
kbest_mutual_info,,12,8,0.6614,0.6653,0.6654,0.6654,4
kbest_mutual_info,,15,8,0.6614,0.6653,0.6654,0.6654,4
kbest_mutual_info,,20,8,0.6614,0.6653,0.6654,0.6654,4
kbest_mutual_info,,25,8,0.6614,0.6653,0.6654,0.6654,4
kbest_mutual_info,,30,8,0.6614,0.6653,0.6654,0.6654,4
kbest_mutual_info,,50,8,0.6614,0.6653,0.6654,0.6654,4
kbest_mutual_info,,100,8,0.6614,0.6653,0.6654,0.6654,4
kbest_mutual_info,,200,200,0.6864,0.7057,0.7058,0.7058,8
kbest_mutual_info,,500,500,0.7442,0.7308,0.7308,0.7308,20
kbest_anova_f,,1,1,0.5403,0.5472,0.5481,0.5481,1
kbest_anova_f,,2,2,0.5432,0.5088,0.5096,0.5096,2
kbest_anova_f,,3,3,0.5492,0.5326,0.5327,0.5327,2
kbest_anova_f,,5,5,0.6615,0.6519,0.6519,0.6519,4
kbest_anova_f,,8,8,0.7442,0.8056,0.8058,0.8058,7
kbest_anova_f,,10,10,0.7673,0.767,0.7673,0.7673,9
kbest_anova_f,,12,12,0.7711,0.7961,0.7962,0.7962,10
kbest_anova_f,,15,15,0.7846,0.7942,0.7942,0.7942,11
kbest_anova_f,,20,15,0.7846,0.7942,0.7942,0.7942,11
kbest_anova_f,,25,15,0.7846,0.7942,0.7942,0.7942,11
kbest_anova_f,,30,15,0.7846,0.7942,0.7942,0.7942,11
kbest_anova_f,,50,15,0.7846,0.7942,0.7942,0.7942,11
kbest_anova_f,,100,15,0.7846,0.7942,0.7942,0.7942,11
kbest_anova_f,,200,15,0.7846,0.7942,0.7942,0.7942,11
kbest_anova_f,,500,15,0.7846,0.7942,0.7942,0.7942,11
tree_importance,,1,1,0.5634,0.5114,0.5173,0.5173,1
tree_importance,,2,2,0.5922,0.5498,0.55,0.55,2
tree_importance,,3,3,0.65,0.6402,0.6404,0.6404,3
tree_importance,,5,5,0.7462,0.7981,0.7981,0.7981,5
tree_importance,,8,8,0.8056,0.8057,0.8058,0.8058,8
tree_importance,,10,10,0.8228,0.8058,0.8058,0.8058,10
tree_importance,,12,10,0.8228,0.8058,0.8058,0.8058,10
tree_importance,,15,10,0.8228,0.8058,0.8058,0.8058,10
tree_importance,,20,10,0.8228,0.8058,0.8058,0.8058,10
tree_importance,,25,10,0.8228,0.8058,0.8058,0.8058,10
tree_importance,,30,10,0.8228,0.8058,0.8058,0.8058,10
tree_importance,,50,10,0.8228,0.8058,0.8058,0.8058,10
tree_importance,,100,10,0.8228,0.8058,0.8058,0.8058,10
tree_importance,,200,10,0.8228,0.8058,0.8058,0.8058,10
tree_importance,,500,10,0.8228,0.8058,0.8058,0.8058,10
rfe_tree,,1,1,0.5634,0.5114,0.5173,0.5173,1
rfe_tree,,2,1,0.5634,0.5114,0.5173,0.5173,1
rfe_tree,,3,3,0.6268,0.6481,0.6481,0.6481,3
rfe_tree,,5,5,0.7596,0.7615,0.7615,0.7615,5
rfe_tree,,8,8,0.821,0.8056,0.8058,0.8058,8
rfe_tree,,10,8,0.821,0.8056,0.8058,0.8058,8
rfe_tree,,12,8,0.821,0.8056,0.8058,0.8058,8
rfe_tree,,15,8,0.821,0.8056,0.8058,0.8058,8
rfe_tree,,20,8,0.821,0.8056,0.8058,0.8058,8
rfe_tree,,25,8,0.821,0.8056,0.8058,0.8058,8
rfe_tree,,30,8,0.821,0.8056,0.8058,0.8058,8
rfe_tree,,50,8,0.821,0.8056,0.8058,0.8058,8
rfe_tree,,100,8,0.821,0.8056,0.8058,0.8058,8
rfe_tree,,200,8,0.821,0.8056,0.8058,0.8058,8
rfe_tree,,500,8,0.821,0.8056,0.8058,0.8058,8
random,20200,1,1,0.5483,0.5112,0.5154,0.5154,0
random,20200,2,1,0.5483,0.5112,0.5154,0.5154,0
random,20200,3,1,0.5483,0.5112,0.5154,0.5154,0
random,20200,5,1,0.5483,0.5112,0.5154,0.5154,0
random,20200,8,1,0.5483,0.5112,0.5154,0.5154,0
random,20200,10,1,0.5483,0.5112,0.5154,0.5154,0
random,20200,12,1,0.5483,0.5112,0.5154,0.5154,0
random,20200,15,15,0.596,0.5882,0.5885,0.5885,3
random,20200,20,15,0.596,0.5882,0.5885,0.5885,3
random,20200,25,15,0.596,0.5882,0.5885,0.5885,3
random,20200,30,30,0.675,0.7173,0.7173,0.7173,3
random,20200,50,30,0.675,0.7173,0.7173,0.7173,3
random,20200,100,100,0.7094,0.6921,0.6923,0.6923,6
random,20200,200,200,0.7153,0.6765,0.6769,0.6769,11
random,20200,500,500,0.7442,0.7308,0.7308,0.7308,20
fastener,2020,1,1,0.5692,0.5351,0.5365,0.5365,1
fastener,2020,2,2,0.5923,0.59,0.5904,0.5904,2
fastener,2020,3,3,0.6615,0.6516,0.6519,0.6519,3
fastener,2020,5,5,0.798,0.7845,0.7846,0.7846,4
fastener,2020,8,8,0.85,0.8192,0.8192,0.8192,5
fastener,2020,10,8,0.85,0.8192,0.8192,0.8192,5
fastener,2020,12,8,0.85,0.8192,0.8192,0.8192,5
fastener,2020,15,8,0.85,0.8192,0.8192,0.8192,5
fastener,2020,20,8,0.85,0.8192,0.8192,0.8192,5
fastener,2020,25,8,0.85,0.8192,0.8192,0.8192,5
fastener,2020,30,8,0.85,0.8192,0.8192,0.8192,5
fastener,2020,50,8,0.85,0.8192,0.8192,0.8192,5
fastener,2020,100,8,0.85,0.8192,0.8192,0.8192,5
fastener,2020,200,8,0.85,0.8192,0.8192,0.8192,5
fastener,2020,500,8,0.85,0.8192,0.8192,0.8192,5
fastener,2021,1,1,0.5691,0.5595,0.5596,0.5596,1
fastener,2021,2,2,0.6401,0.5766,0.5769,0.5769,2
fastener,2021,3,3,0.688,0.6288,0.6288,0.6288,3
fastener,2021,5,5,0.825,0.8423,0.8423,0.8423,3
fastener,2021,8,6,0.8462,0.8462,0.8462,0.8462,3
fastener,2021,10,6,0.8462,0.8462,0.8462,0.8462,3
fastener,2021,12,6,0.8462,0.8462,0.8462,0.8462,3
fastener,2021,15,6,0.8462,0.8462,0.8462,0.8462,3
fastener,2021,20,6,0.8462,0.8462,0.8462,0.8462,3
fastener,2021,25,6,0.8462,0.8462,0.8462,0.8462,3
fastener,2021,30,6,0.8462,0.8462,0.8462,0.8462,3
fastener,2021,50,6,0.8462,0.8462,0.8462,0.8462,3
fastener,2021,100,6,0.8462,0.8462,0.8462,0.8462,3
fastener,2021,200,6,0.8462,0.8462,0.8462,0.8462,3
fastener,2021,500,6,0.8462,0.8462,0.8462,0.8462,3
fastener,2022,1,1,0.5437,0.532,0.5365,0.5365,1
fastener,2022,2,2,0.6401,0.5766,0.5769,0.5769,2
fastener,2022,3,3,0.6692,0.6863,0.6865,0.6865,3
fastener,2022,5,5,0.8229,0.8576,0.8577,0.8577,4
fastener,2022,8,8,0.8654,0.8115,0.8115,0.8115,5
fastener,2022,10,9,0.8731,0.8481,0.8481,0.8481,5
fastener,2022,12,9,0.8731,0.8481,0.8481,0.8481,5
fastener,2022,15,9,0.8731,0.8481,0.8481,0.8481,5
fastener,2022,20,9,0.8731,0.8481,0.8481,0.8481,5
fastener,2022,25,9,0.8731,0.8481,0.8481,0.8481,5
fastener,2022,30,9,0.8731,0.8481,0.8481,0.8481,5
fastener,2022,50,9,0.8731,0.8481,0.8481,0.8481,5
fastener,2022,100,9,0.8731,0.8481,0.8481,0.8481,5
fastener,2022,200,9,0.8731,0.8481,0.8481,0.8481,5
fastener,2022,500,9,0.8731,0.8481,0.8481,0.8481,5
fastener,2023,1,1,0.5403,0.5472,0.5481,0.5481,1
fastener,2023,2,2,0.5965,0.5863,0.5865,0.5865,1
fastener,2023,3,3,0.6939,0.6904,0.6904,0.6904,2
fastener,2023,5,5,0.8308,0.7654,0.7654,0.7654,5
fastener,2023,8,7,0.848,0.7826,0.7827,0.7827,5
fastener,2023,10,7,0.848,0.7826,0.7827,0.7827,5
fastener,2023,12,7,0.848,0.7826,0.7827,0.7827,5
fastener,2023,15,7,0.848,0.7826,0.7827,0.7827,5
fastener,2023,20,7,0.848,0.7826,0.7827,0.7827,5
fastener,2023,25,7,0.848,0.7826,0.7827,0.7827,5
fastener,2023,30,7,0.848,0.7826,0.7827,0.7827,5
fastener,2023,50,7,0.848,0.7826,0.7827,0.7827,5
fastener,2023,100,7,0.848,0.7826,0.7827,0.7827,5
fastener,2023,200,7,0.848,0.7826,0.7827,0.7827,5
fastener,2023,500,7,0.848,0.7826,0.7827,0.7827,5
fastener,2024,1,1,0.5692,0.5351,0.5365,0.5365,1
fastener,2024,2,2,0.6401,0.5766,0.5769,0.5769,2
fastener,2024,3,3,0.6692,0.6863,0.6865,0.6865,3
fastener,2024,5,5,0.8134,0.74,0.7404,0.7404,5
fastener,2024,8,8,0.8365,0.7865,0.7865,0.7865,7
fastener,2024,10,8,0.8365,0.7865,0.7865,0.7865,7
fastener,2024,12,8,0.8365,0.7865,0.7865,0.7865,7
fastener,2024,15,8,0.8365,0.7865,0.7865,0.7865,7
fastener,2024,20,8,0.8365,0.7865,0.7865,0.7865,7
fastener,2024,25,8,0.8365,0.7865,0.7865,0.7865,7
fastener,2024,30,8,0.8365,0.7865,0.7865,0.7865,7
fastener,2024,50,8,0.8365,0.7865,0.7865,0.7865,7
fastener,2024,100,8,0.8365,0.7865,0.7865,0.7865,7
fastener,2024,200,8,0.8365,0.7865,0.7865,0.7865,7
fastener,2024,500,8,0.8365,0.7865,0.7865,0.7865,7
